timestamps,actual_execution_time,predicted_execution_time,actual_cyc_complexity,predicted_cyc_complexity
"[[['2023-06-18T21:52:46.000000' '2023-06-18']
  ['2023-06-18T21:52:52.000000' '2023-06-18']
  ['2023-06-18T21:53:03.000000' '2023-06-18']
  ...
  ['2023-06-18T21:53:15.000000' '2023-06-18']
  ['2023-06-18T21:53:15.000000' '2023-06-18']
  ['2023-06-18T21:53:24.000000' '2023-06-18']]

 [['2023-06-16T17:49:00.000000' '2023-06-16']
  ['2023-06-16T17:49:54.000000' '2023-06-16']
  ['2023-06-16T17:50:03.000000' '2023-06-16']
  ...
  ['2023-06-16T17:51:04.000000' '2023-06-16']
  ['2023-06-16T17:51:57.000000' '2023-06-16']
  ['2023-06-16T17:52:06.000000' '2023-06-16']]

 [['2023-06-27T09:07:18.000000' '2023-06-27']
  ['2023-06-27T09:07:19.000000' '2023-06-27']
  ['2023-06-27T09:08:10.000000' '2023-06-27']
  ...
  ['2023-06-27T09:08:19.000000' '2023-06-27']
  ['2023-06-27T09:08:21.000000' '2023-06-27']
  ['2023-06-27T09:09:11.000000' '2023-06-27']]

 ...

 [['2023-06-12T21:55:41.000000' '2023-06-12']
  ['2023-06-12T21:55:41.000000' '2023-06-12']
  ['2023-06-12T21:55:41.000000' '2023-06-12']
  ...
  ['2023-06-12T21:55:42.000000' '2023-06-12']
  ['2023-06-12T21:55:42.000000' '2023-06-12']
  ['2023-06-12T21:55:42.000000' '2023-06-12']]

 [['2023-07-02T09:20:50.000000' '2023-07-02']
  ['2023-07-02T09:21:08.000000' '2023-07-02']
  ['2023-07-02T09:21:37.000000' '2023-07-02']
  ...
  ['2023-07-02T09:21:39.000000' '2023-07-02']
  ['2023-07-02T09:21:51.000000' '2023-07-02']
  ['2023-07-02T09:22:10.000000' '2023-07-02']]

 [['2023-06-13T23:07:26.000000' '2023-06-13']
  ['2023-06-13T23:08:07.000000' '2023-06-13']
  ['2023-06-13T23:08:08.000000' '2023-06-13']
  ...
  ['2023-06-13T23:08:29.000000' '2023-06-13']
  ['2023-06-13T23:09:10.000000' '2023-06-13']
  ['2023-06-13T23:09:10.000000' '2023-06-13']]]","[[1.39694739e-05 1.26143525e-04 1.08438187e-04 ... 8.72903547e-06
  1.55770613e-04 1.29994223e-04]
 [1.04251369e-04 9.84049111e-05 8.55720355e-05 ... 6.76848067e-05
  1.06078653e-04 7.96358945e-05]
 [6.04343622e-05 1.10007306e-04 7.22479817e-05 ... 9.58014571e-05
  9.71048576e-05 7.74691434e-05]
 ...
 [9.38786229e-07 8.22276149e-07 7.88748025e-07 ... 7.84557017e-07
  7.38455924e-07 7.85395230e-07]
 [6.04980669e-05 8.83246976e-05 2.51608115e-04 ... 5.83883120e-05
  1.10560519e-04 1.14971976e-04]
 [1.07593281e-04 7.47709710e-05 1.09717286e-04 ... 8.54915706e-05
  8.25695970e-05 9.45600768e-05]]","[[0.19622676 0.19622676 0.19622676 ... 0.19622676 0.19622676 0.19622676]
 [0.19622676 0.19622676 0.19622676 ... 0.19622676 0.19622676 0.19622676]
 [0.19622676 0.19622676 0.19622676 ... 0.19622676 0.19622676 0.19622676]
 ...
 [0.19622676 0.19622676 0.19622676 ... 0.19622676 0.19622676 0.19622676]
 [0.19622676 0.19622676 0.19622676 ... 0.19622676 0.19622676 0.19622676]
 [0.19622676 0.19622676 0.19622676 ... 0.19622676 0.19622676 0.19622676]]","[[0.765672   1.2761201  2.5522401  ... 0.765672   1.2761201  1.2761201 ]
 [2.5522401  2.5522401  2.5522401  ... 2.5522401  2.5522401  2.5522401 ]
 [2.5522401  2.5522401  2.5522401  ... 2.5522401  2.5522401  2.5522401 ]
 ...
 [0.25522402 0.25522402 0.25522402 ... 0.25522402 0.25522402 0.25522402]
 [2.5522401  2.5522401  2.5522401  ... 2.5522401  2.5522401  2.5522401 ]
 [2.5522401  2.5522401  2.5522401  ... 2.5522401  2.5522401  2.5522401 ]]","[[1.7851597 1.7851597 1.7851597 ... 1.7851597 1.7851597 1.7851597]
 [1.7851597 1.7851597 1.7851597 ... 1.7851597 1.7851597 1.7851597]
 [1.7851597 1.7851597 1.7851597 ... 1.7851597 1.7851597 1.7851597]
 ...
 [1.7851597 1.7851597 1.7851597 ... 1.7851597 1.7851597 1.7851597]
 [1.7851597 1.7851597 1.7851597 ... 1.7851597 1.7851597 1.7851597]
 [1.7851597 1.7851597 1.7851597 ... 1.7851597 1.7851597 1.7851597]]"
